Category: All categories,

Month,Xamarin Visual studio SDK: (Worldwide)
2014-01,0
2014-02,26
2014-03,32
2014-04,0
2014-05,23
2014-06,0
2014-07,32
2014-08,22
2014-09,26
2014-10,22
2014-11,23
2014-12,29
2015-01,30
2015-02,24
2015-03,45
2015-04,22
2015-05,20
2015-06,29
2015-07,33
2015-08,57
2015-09,47
2015-10,37
2015-11,38
2015-12,32
2016-01,27
2016-02,42
2016-03,21
2016-04,75
2016-05,66
2016-06,90
2016-07,71
2016-08,41
2016-09,63
2016-10,100
2016-11,92
2016-12,68
2017-01,97
2017-02,97
2017-03,78
2017-04,82
2017-05,56
2017-06,65
2017-07,48
2017-08,53
2017-09,79
2017-10,59
2017-11,61
2017-12,68
2018-01,77
2018-02,48
2018-03,62
2018-04,53
2018-05,53
2018-06,49
2018-07,46
2018-08,32
2018-09,38
2018-10,44
2018-11,38
2018-12,37
2019-01,39
2019-02,33
2019-03,36
2019-04,28
2019-05,39
2019-06,27
2019-07,31
2019-08,32
2019-09,26
2019-10,38
2019-11,27
2019-12,30
